date,location_name,day_length,sunrise,sunset,daily_increase,total_increase,reference_date
2026-01-05,Bergen,06:05:00,2026-01-05T09:41+01:00,2026-01-05T15:46+01:00,00:00:00,00:00:00,2026-01-05
2026-01-12,Bergen,06:27:00,2026-01-12T09:33+01:00,2026-01-12T16:00+01:00,00:00:00,00:00:00,2026-01-12
2026-01-19,Bergen,06:54:00,2026-01-19T09:22+01:00,2026-01-19T16:16+01:00,00:00:00,00:00:00,2026-01-19
2026-01-26,Bergen,07:26:00,2026-01-26T09:08+01:00,2026-01-26T16:34+01:00,00:00:00,00:00:00,2026-01-26
2026-02-02,Bergen,08:01:00,2026-02-02T08:52+01:00,2026-02-02T16:53+01:00,00:00:00,00:00:00,2026-02-02
2026-02-09,Bergen,08:38:00,2026-02-09T08:34+01:00,2026-02-09T17:12+01:00,00:00:00,00:00:00,2026-02-09
2026-02-16,Bergen,09:15:00,2026-02-16T08:15+01:00,2026-02-16T17:30+01:00,00:00:00,00:00:00,2026-02-16
2026-02-23,Bergen,09:54:00,2026-02-23T07:55+01:00,2026-02-23T17:49+01:00,00:00:00,00:00:00,2026-02-23
2026-03-02,Bergen,10:32:00,2026-03-02T07:35+01:00,2026-03-02T18:07+01:00,00:00:00,00:00:00,2026-03-02
2026-03-09,Bergen,11:11:00,2026-03-09T07:14+01:00,2026-03-09T18:25+01:00,00:00:00,00:00:00,2026-03-09
2026-03-16,Bergen,11:51:00,2026-03-16T06:52+01:00,2026-03-16T18:43+01:00,00:00:00,00:00:00,2026-03-16
2026-03-23,Bergen,12:29:00,2026-03-23T06:31+01:00,2026-03-23T19:00+01:00,00:00:00,00:00:00,2026-03-23
2026-03-30,Bergen,13:09:00,2026-03-30T07:09+02:00,2026-03-30T20:18+02:00,00:00:00,00:00:00,2026-03-30
2026-04-06,Bergen,13:47:00,2026-04-06T06:48+02:00,2026-04-06T20:35+02:00,00:00:00,00:00:00,2026-04-06
2026-04-13,Bergen,14:25:00,2026-04-13T06:27+02:00,2026-04-13T20:52+02:00,00:00:00,00:00:00,2026-04-13
2026-04-20,Bergen,15:04:00,2026-04-20T06:06+02:00,2026-04-20T21:10+02:00,00:00:00,00:00:00,2026-04-20
2026-04-27,Bergen,15:42:00,2026-04-27T05:46+02:00,2026-04-27T21:28+02:00,00:00:00,00:00:00,2026-04-27
2026-05-04,Bergen,16:20:00,2026-05-04T05:26+02:00,2026-05-04T21:46+02:00,00:00:00,00:00:00,2026-05-04
2026-05-11,Bergen,16:55:00,2026-05-11T05:08+02:00,2026-05-11T22:03+02:00,00:00:00,00:00:00,2026-05-11
2026-05-18,Bergen,17:29:00,2026-05-18T04:51+02:00,2026-05-18T22:20+02:00,00:00:00,00:00:00,2026-05-18
2026-05-25,Bergen,18:00:00,2026-05-25T04:36+02:00,2026-05-25T22:36+02:00,00:00:00,00:00:00,2026-05-25
2026-06-01,Bergen,18:26:00,2026-06-01T04:24+02:00,2026-06-01T22:50+02:00,00:00:00,00:00:00,2026-06-01
2026-06-08,Bergen,18:46:00,2026-06-08T04:15+02:00,2026-06-08T23:01+02:00,00:00:00,00:00:00,2026-06-08
2026-06-15,Bergen,18:58:00,2026-06-15T04:10+02:00,2026-06-15T23:08+02:00,00:00:00,00:00:00,2026-06-15
2026-06-22,Bergen,19:01:00,2026-06-22T04:10+02:00,2026-06-22T23:11+02:00,00:00:00,00:00:00,2026-06-22
2026-06-29,Bergen,18:55:00,2026-06-29T04:14+02:00,2026-06-29T23:09+02:00,00:00:00,00:00:00,2026-06-29
2026-07-06,Bergen,18:41:00,2026-07-06T04:22+02:00,2026-07-06T23:03+02:00,00:00:00,00:00:00,2026-07-06
2026-07-13,Bergen,18:19:00,2026-07-13T04:34+02:00,2026-07-13T22:53+02:00,00:00:00,00:00:00,2026-07-13
2026-07-20,Bergen,17:51:00,2026-07-20T04:48+02:00,2026-07-20T22:39+02:00,00:00:00,00:00:00,2026-07-20
2026-07-27,Bergen,17:20:00,2026-07-27T05:04+02:00,2026-07-27T22:24+02:00,00:00:00,00:00:00,2026-07-27
2026-08-03,Bergen,16:45:00,2026-08-03T05:21+02:00,2026-08-03T22:06+02:00,00:00:00,00:00:00,2026-08-03
2026-08-10,Bergen,16:09:00,2026-08-10T05:38+02:00,2026-08-10T21:47+02:00,00:00:00,00:00:00,2026-08-10
2026-08-17,Bergen,15:33:00,2026-08-17T05:55+02:00,2026-08-17T21:28+02:00,00:00:00,00:00:00,2026-08-17
2026-08-24,Bergen,14:54:00,2026-08-24T06:13+02:00,2026-08-24T21:07+02:00,00:00:00,00:00:00,2026-08-24
2026-08-31,Bergen,14:16:00,2026-08-31T06:30+02:00,2026-08-31T20:46+02:00,00:00:00,00:00:00,2026-08-31
2026-01-05,Grua,06:07:00,2026-01-05T09:19+01:00,2026-01-05T15:26+01:00,00:00:00,00:00:00,2026-01-05
2026-01-12,Grua,06:29:00,2026-01-12T09:11+01:00,2026-01-12T15:40+01:00,00:00:00,00:00:00,2026-01-12
2026-01-19,Grua,06:56:00,2026-01-19T09:00+01:00,2026-01-19T15:56+01:00,00:00:00,00:00:00,2026-01-19
2026-01-26,Grua,07:28:00,2026-01-26T08:46+01:00,2026-01-26T16:14+01:00,00:00:00,00:00:00,2026-01-26
2026-02-02,Grua,08:02:00,2026-02-02T08:30+01:00,2026-02-02T16:32+01:00,00:00:00,00:00:00,2026-02-02
2026-02-09,Grua,08:39:00,2026-02-09T08:12+01:00,2026-02-09T16:51+01:00,00:00:00,00:00:00,2026-02-09
2026-02-16,Grua,09:17:00,2026-02-16T07:53+01:00,2026-02-16T17:10+01:00,00:00:00,00:00:00,2026-02-16
2026-02-23,Grua,09:54:00,2026-02-23T07:34+01:00,2026-02-23T17:28+01:00,00:00:00,00:00:00,2026-02-23
2026-03-02,Grua,10:33:00,2026-03-02T07:13+01:00,2026-03-02T17:46+01:00,00:00:00,00:00:00,2026-03-02
2026-03-09,Grua,11:12:00,2026-03-09T06:52+01:00,2026-03-09T18:04+01:00,00:00:00,00:00:00,2026-03-09
2026-03-16,Grua,11:50:00,2026-03-16T06:31+01:00,2026-03-16T18:21+01:00,00:00:00,00:00:00,2026-03-16
2026-03-23,Grua,12:29:00,2026-03-23T06:10+01:00,2026-03-23T18:39+01:00,00:00:00,00:00:00,2026-03-23
2026-03-30,Grua,13:08:00,2026-03-30T06:48+02:00,2026-03-30T19:56+02:00,00:00:00,00:00:00,2026-03-30
2026-04-06,Grua,13:46:00,2026-04-06T06:27+02:00,2026-04-06T20:13+02:00,00:00:00,00:00:00,2026-04-06
2026-04-13,Grua,14:25:00,2026-04-13T06:06+02:00,2026-04-13T20:31+02:00,00:00:00,00:00:00,2026-04-13
2026-04-20,Grua,15:03:00,2026-04-20T05:45+02:00,2026-04-20T20:48+02:00,00:00:00,00:00:00,2026-04-20
2026-04-27,Grua,15:41:00,2026-04-27T05:25+02:00,2026-04-27T21:06+02:00,00:00:00,00:00:00,2026-04-27
2026-05-04,Grua,16:18:00,2026-05-04T05:06+02:00,2026-05-04T21:24+02:00,00:00:00,00:00:00,2026-05-04
2026-05-11,Grua,16:54:00,2026-05-11T04:47+02:00,2026-05-11T21:41+02:00,00:00:00,00:00:00,2026-05-11
2026-05-18,Grua,17:27:00,2026-05-18T04:31+02:00,2026-05-18T21:58+02:00,00:00:00,00:00:00,2026-05-18
2026-05-25,Grua,17:57:00,2026-05-25T04:16+02:00,2026-05-25T22:13+02:00,00:00:00,00:00:00,2026-05-25
2026-06-01,Grua,18:23:00,2026-06-01T04:04+02:00,2026-06-01T22:27+02:00,00:00:00,00:00:00,2026-06-01
2026-06-08,Grua,18:43:00,2026-06-08T03:55+02:00,2026-06-08T22:38+02:00,00:00:00,00:00:00,2026-06-08
2026-06-15,Grua,18:55:00,2026-06-15T03:50+02:00,2026-06-15T22:45+02:00,00:00:00,00:00:00,2026-06-15
2026-06-22,Grua,18:58:00,2026-06-22T03:50+02:00,2026-06-22T22:48+02:00,00:00:00,00:00:00,2026-06-22
2026-06-29,Grua,18:52:00,2026-06-29T03:54+02:00,2026-06-29T22:46+02:00,00:00:00,00:00:00,2026-06-29
2026-07-06,Grua,18:38:00,2026-07-06T04:02+02:00,2026-07-06T22:40+02:00,00:00:00,00:00:00,2026-07-06
2026-07-13,Grua,18:16:00,2026-07-13T04:14+02:00,2026-07-13T22:30+02:00,00:00:00,00:00:00,2026-07-13
2026-07-20,Grua,17:49:00,2026-07-20T04:28+02:00,2026-07-20T22:17+02:00,00:00:00,00:00:00,2026-07-20
2026-07-27,Grua,17:17:00,2026-07-27T04:44+02:00,2026-07-27T22:01+02:00,00:00:00,00:00:00,2026-07-27
2026-08-03,Grua,16:44:00,2026-08-03T05:00+02:00,2026-08-03T21:44+02:00,00:00:00,00:00:00,2026-08-03
2026-08-10,Grua,16:08:00,2026-08-10T05:17+02:00,2026-08-10T21:25+02:00,00:00:00,00:00:00,2026-08-10
2026-08-17,Grua,15:31:00,2026-08-17T05:35+02:00,2026-08-17T21:06+02:00,00:00:00,00:00:00,2026-08-17
2026-08-24,Grua,14:53:00,2026-08-24T05:52+02:00,2026-08-24T20:45+02:00,00:00:00,00:00:00,2026-08-24
2026-08-31,Grua,14:16:00,2026-08-31T06:08+02:00,2026-08-31T20:24+02:00,00:00:00,00:00:00,2026-08-31
2026-01-05,Oslo,06:14:00,2026-01-05T09:15+01:00,2026-01-05T15:29+01:00,00:00:00,00:00:00,2026-01-05
2026-01-12,Oslo,06:34:00,2026-01-12T09:08+01:00,2026-01-12T15:42+01:00,00:00:00,00:00:00,2026-01-12
2026-01-19,Oslo,07:01:00,2026-01-19T08:57+01:00,2026-01-19T15:58+01:00,00:00:00,00:00:00,2026-01-19
2026-01-26,Oslo,07:32:00,2026-01-26T08:43+01:00,2026-01-26T16:15+01:00,00:00:00,00:00:00,2026-01-26
2026-02-02,Oslo,08:06:00,2026-02-02T08:28+01:00,2026-02-02T16:34+01:00,00:00:00,00:00:00,2026-02-02
2026-02-09,Oslo,08:42:00,2026-02-09T08:10+01:00,2026-02-09T16:52+01:00,00:00:00,00:00:00,2026-02-09
2026-02-16,Oslo,09:18:00,2026-02-16T07:52+01:00,2026-02-16T17:10+01:00,00:00:00,00:00:00,2026-02-16
2026-02-23,Oslo,09:57:00,2026-02-23T07:32+01:00,2026-02-23T17:29+01:00,00:00:00,00:00:00,2026-02-23
2026-03-02,Oslo,10:34:00,2026-03-02T07:12+01:00,2026-03-02T17:46+01:00,00:00:00,00:00:00,2026-03-02
2026-03-09,Oslo,11:13:00,2026-03-09T06:51+01:00,2026-03-09T18:04+01:00,00:00:00,00:00:00,2026-03-09
2026-03-16,Oslo,11:50:00,2026-03-16T06:31+01:00,2026-03-16T18:21+01:00,00:00:00,00:00:00,2026-03-16
2026-03-23,Oslo,12:29:00,2026-03-23T06:09+01:00,2026-03-23T18:38+01:00,00:00:00,00:00:00,2026-03-23
2026-03-30,Oslo,13:07:00,2026-03-30T06:48+02:00,2026-03-30T19:55+02:00,00:00:00,00:00:00,2026-03-30
2026-04-06,Oslo,13:45:00,2026-04-06T06:27+02:00,2026-04-06T20:12+02:00,00:00:00,00:00:00,2026-04-06
2026-04-13,Oslo,14:23:00,2026-04-13T06:06+02:00,2026-04-13T20:29+02:00,00:00:00,00:00:00,2026-04-13
2026-04-20,Oslo,15:01:00,2026-04-20T05:46+02:00,2026-04-20T20:47+02:00,00:00:00,00:00:00,2026-04-20
2026-04-27,Oslo,15:38:00,2026-04-27T05:26+02:00,2026-04-27T21:04+02:00,00:00:00,00:00:00,2026-04-27
2026-05-04,Oslo,16:14:00,2026-05-04T05:07+02:00,2026-05-04T21:21+02:00,00:00:00,00:00:00,2026-05-04
2026-05-11,Oslo,16:49:00,2026-05-11T04:49+02:00,2026-05-11T21:38+02:00,00:00:00,00:00:00,2026-05-11
2026-05-18,Oslo,17:22:00,2026-05-18T04:33+02:00,2026-05-18T21:55+02:00,00:00:00,00:00:00,2026-05-18
2026-05-25,Oslo,17:51:00,2026-05-25T04:19+02:00,2026-05-25T22:10+02:00,00:00:00,00:00:00,2026-05-25
2026-06-01,Oslo,18:16:00,2026-06-01T04:07+02:00,2026-06-01T22:23+02:00,00:00:00,00:00:00,2026-06-01
2026-06-08,Oslo,18:36:00,2026-06-08T03:58+02:00,2026-06-08T22:34+02:00,00:00:00,00:00:00,2026-06-08
2026-06-15,Oslo,18:47:00,2026-06-15T03:54+02:00,2026-06-15T22:41+02:00,00:00:00,00:00:00,2026-06-15
2026-06-22,Oslo,18:49:00,2026-06-22T03:54+02:00,2026-06-22T22:43+02:00,00:00:00,00:00:00,2026-06-22
2026-06-29,Oslo,18:44:00,2026-06-29T03:58+02:00,2026-06-29T22:42+02:00,00:00:00,00:00:00,2026-06-29
2026-07-06,Oslo,18:30:00,2026-07-06T04:06+02:00,2026-07-06T22:36+02:00,00:00:00,00:00:00,2026-07-06
2026-07-13,Oslo,18:09:00,2026-07-13T04:17+02:00,2026-07-13T22:26+02:00,00:00:00,00:00:00,2026-07-13
2026-07-20,Oslo,17:42:00,2026-07-20T04:31+02:00,2026-07-20T22:13+02:00,00:00:00,00:00:00,2026-07-20
2026-07-27,Oslo,17:12:00,2026-07-27T04:46+02:00,2026-07-27T21:58+02:00,00:00:00,00:00:00,2026-07-27
2026-08-03,Oslo,16:39:00,2026-08-03T05:02+02:00,2026-08-03T21:41+02:00,00:00:00,00:00:00,2026-08-03
2026-08-10,Oslo,16:04:00,2026-08-10T05:19+02:00,2026-08-10T21:23+02:00,00:00:00,00:00:00,2026-08-10
2026-08-17,Oslo,15:28:00,2026-08-17T05:36+02:00,2026-08-17T21:04+02:00,00:00:00,00:00:00,2026-08-17
2026-08-24,Oslo,14:51:00,2026-08-24T05:53+02:00,2026-08-24T20:44+02:00,00:00:00,00:00:00,2026-08-24
2026-08-31,Oslo,14:14:00,2026-08-31T06:09+02:00,2026-08-31T20:23+02:00,00:00:00,00:00:00,2026-08-31
